,Image_link,Filename,Height & Weight
1,https://height-weight-chart.com/608-180.html, 608-180.jpg," 6' 8"" 180 lbs."
2,https://height-weight-chart.com/608-240.html, 608-240.jpg," 6' 8"" 240 lbs."
3,https://height-weight-chart.com/608-260.html, 608-260.jpg," 6' 8"" 260 lbs."
4,https://height-weight-chart.com/611-490.html, 611-490.jpg," 6' 11"" 490 lbs."
5,https://height-weight-chart.com/607-170.html, 607-170.jpg," 6' 7"" 170 lbs."
6,https://height-weight-chart.com/607-210.html, 607-210.jpg," 6' 7"" 210 lbs."
7,https://height-weight-chart.com/607-300.html, 607-300.jpg," 6' 7"" 300 lbs."
8,https://height-weight-chart.com/606-180.html, 606-180.jpg," 6' 6"" 180 lbs."
9,https://height-weight-chart.com/606-210.html, 606-210.jpg," 6' 6"" 210 lbs."
10,https://height-weight-chart.com/606-220.html, 606-220.jpg," 6' 6"" 220 lbs."
11,https://height-weight-chart.com/606-230.html, 606-230.jpg," 6' 6"" 230 lbs."
12,https://height-weight-chart.com/606-240.html, 606-240.jpg," 6' 6"" 240 lbs."
13,https://height-weight-chart.com/606-250.html, 606-250.jpg," 6' 6"" 250 lbs."
14,https://height-weight-chart.com/606-260.html, 606-260.jpg," 6' 6"" 260 lbs."
15,https://height-weight-chart.com/606-290.html, 606-290.jpg," 6' 6"" 290 lbs."
16,https://height-weight-chart.com/606-320.html, 606-320.jpg," 6' 6"" 320 lbs."
17,https://height-weight-chart.com/606-330.html, 606-330.jpg," 6' 6"" 330 lbs."
18,https://height-weight-chart.com/606-370.html, 606-370.jpg," 6' 6"" 370 lbs."
19,https://height-weight-chart.com/606-380.html, 606-380.jpg," 6' 6"" 380 lbs."
20,https://height-weight-chart.com/605-140.html, 605-140.jpg," 6' 5"" 140 lbs."
21,https://height-weight-chart.com/605-150.html, 605-150.jpg," 6' 5"" 150 lbs."
22,https://height-weight-chart.com/605-170.html, 605-170.jpg," 6' 5"" 170 lbs."
23,https://height-weight-chart.com/605-180.html, 605-180.jpg," 6' 5"" 180 lbs."
24,https://height-weight-chart.com/605-200.html, 605-200.jpg," 6' 5"" 200 lbs."
25,https://height-weight-chart.com/605-210.html, 605-210.jpg," 6' 5"" 210 lbs."
26,https://height-weight-chart.com/605-220.html, 605-220.jpg," 6' 5"" 220 lbs."
27,https://height-weight-chart.com/605-230.html, 605-230.jpg," 6' 5"" 230 lbs."
28,https://height-weight-chart.com/605-240.html, 605-240.jpg," 6' 5"" 240 lbs."
29,https://height-weight-chart.com/605-250.html, 605-250.jpg," 6' 5"" 250 lbs."
30,https://height-weight-chart.com/605-260.html, 605-260.jpg," 6' 5"" 260 lbs."
31,https://height-weight-chart.com/605-270.html, 605-270.jpg," 6' 5"" 270 lbs."
32,https://height-weight-chart.com/605-280.html, 605-280.jpg," 6' 5"" 280 lbs."
33,https://height-weight-chart.com/605-300.html, 605-300.jpg," 6' 5"" 300 lbs."
34,https://height-weight-chart.com/604-120.html, 604-120.jpg," 6' 4"" 120 lbs."
35,https://height-weight-chart.com/604-140.html, 604-140.jpg," 6' 4"" 140 lbs."
36,https://height-weight-chart.com/604-150.html, 604-150.jpg," 6' 4"" 150 lbs."
37,https://height-weight-chart.com/604-160.html, 604-160.jpg," 6' 4"" 160 lbs."
38,https://height-weight-chart.com/604-170.html, 604-170.jpg," 6' 4"" 170 lbs."
39,https://height-weight-chart.com/604-180.html, 604-180.jpg," 6' 4"" 180 lbs."
40,https://height-weight-chart.com/604-190.html, 604-190.jpg," 6' 4"" 190 lbs."
41,https://height-weight-chart.com/604-200.html, 604-200.jpg," 6' 4"" 200 lbs."
42,https://height-weight-chart.com/604-210.html, 604-210.jpg," 6' 4"" 210 lbs."
43,https://height-weight-chart.com/604-220.html, 604-220.jpg," 6' 4"" 220 lbs."
44,https://height-weight-chart.com/604-230.html, 604-230.jpg," 6' 4"" 230 lbs."
45,https://height-weight-chart.com/604-240.html, 604-240.jpg," 6' 4"" 240 lbs."
46,https://height-weight-chart.com/604-250.html, 604-250.jpg," 6' 4"" 250 lbs."
47,https://height-weight-chart.com/604-260.html, 604-260.jpg," 6' 4"" 260 lbs."
48,https://height-weight-chart.com/604-270.html, 604-270.jpg," 6' 4"" 270 lbs."
49,https://height-weight-chart.com/604-280.html, 604-280.jpg," 6' 4"" 280 lbs."
50,https://height-weight-chart.com/604-290.html, 604-290.jpg," 6' 4"" 290 lbs."
51,https://height-weight-chart.com/604-320.html, 604-320.jpg," 6' 4"" 320 lbs."
52,https://height-weight-chart.com/604-520.html, 604-520.jpg," 6' 4"" 520 lbs."
53,https://height-weight-chart.com/603-140.html, 603-140.jpg," 6' 3"" 140 lbs."
54,https://height-weight-chart.com/603-150.html, 603-150.jpg," 6' 3"" 150 lbs."
55,https://height-weight-chart.com/603-160.html, 603-160.jpg," 6' 3"" 160 lbs."
56,https://height-weight-chart.com/603-170.html, 603-170.jpg," 6' 3"" 170 lbs."
57,https://height-weight-chart.com/603-180.html, 603-180.jpg," 6' 3"" 180 lbs."
58,https://height-weight-chart.com/603-190.html, 603-190.jpg," 6' 3"" 190 lbs."
59,https://height-weight-chart.com/603-200.html, 603-200.jpg," 6' 3"" 200 lbs."
60,https://height-weight-chart.com/603-210.html, 603-210.jpg," 6' 3"" 210 lbs."
61,https://height-weight-chart.com/603-220.html, 603-220.jpg," 6' 3"" 220 lbs."
62,https://height-weight-chart.com/603-230.html, 603-230.jpg," 6' 3"" 230 lbs."
63,https://height-weight-chart.com/603-240.html, 603-240.jpg," 6' 3"" 240 lbs."
64,https://height-weight-chart.com/603-250.html, 603-250.jpg," 6' 3"" 250 lbs."
65,https://height-weight-chart.com/603-260.html, 603-260.jpg," 6' 3"" 260 lbs."
66,https://height-weight-chart.com/603-310.html, 603-310.jpg," 6' 3"" 310 lbs."
67,https://height-weight-chart.com/603-320.html, 603-320.jpg," 6' 3"" 320 lbs."
68,https://height-weight-chart.com/603-350.html, 603-350.jpg," 6' 3"" 350 lbs."
69,https://height-weight-chart.com/602-130.html, 602-130.jpg," 6' 2"" 130 lbs."
70,https://height-weight-chart.com/602-140.html, 602-140.jpg," 6' 2"" 140 lbs."
71,https://height-weight-chart.com/602-150.html, 602-150.jpg," 6' 2"" 150 lbs."
72,https://height-weight-chart.com/602-160.html, 602-160.jpg," 6' 2"" 160 lbs."
73,https://height-weight-chart.com/602-170.html, 602-170.jpg," 6' 2"" 170 lbs."
74,https://height-weight-chart.com/602-180.html, 602-180.jpg," 6' 2"" 180 lbs."
75,https://height-weight-chart.com/602-190.html, 602-190.jpg," 6' 2"" 190 lbs."
76,https://height-weight-chart.com/602-200.html, 602-200.jpg," 6' 2"" 200 lbs."
77,https://height-weight-chart.com/602-210.html, 602-210.jpg," 6' 2"" 210 lbs."
78,https://height-weight-chart.com/602-220.html, 602-220.jpg," 6' 2"" 220 lbs."
79,https://height-weight-chart.com/602-230.html, 602-230.jpg," 6' 2"" 230 lbs."
80,https://height-weight-chart.com/602-240.html, 602-240.jpg," 6' 2"" 240 lbs."
81,https://height-weight-chart.com/602-250.html, 602-250.jpg," 6' 2"" 250 lbs."
82,https://height-weight-chart.com/602-270.html, 602-270.jpg," 6' 2"" 270 lbs."
83,https://height-weight-chart.com/602-290.html, 602-290.jpg," 6' 2"" 290 lbs."
84,https://height-weight-chart.com/602-480.html, 602-480.jpg," 6' 2"" 480 lbs."
85,https://height-weight-chart.com/601-130.html, 601-130.jpg," 6' 1"" 130 lbs."
86,https://height-weight-chart.com/601-140.html, 601-140.jpg," 6' 1"" 140 lbs."
87,https://height-weight-chart.com/601-150.html, 601-150.jpg," 6' 1"" 150 lbs."
88,https://height-weight-chart.com/601-160.html, 601-160.jpg," 6' 1"" 160 lbs."
89,https://height-weight-chart.com/601-170.html, 601-170.jpg," 6' 1"" 170 lbs."
90,https://height-weight-chart.com/601-180.html, 601-180.jpg," 6' 1"" 180 lbs."
91,https://height-weight-chart.com/601-190.html, 601-190.jpg," 6' 1"" 190 lbs."
92,https://height-weight-chart.com/601-200.html, 601-200.jpg," 6' 1"" 200 lbs."
93,https://height-weight-chart.com/601-210.html, 601-210.jpg," 6' 1"" 210 lbs."
94,https://height-weight-chart.com/601-220.html, 601-220.jpg," 6' 1"" 220 lbs."
95,https://height-weight-chart.com/601-230.html, 601-230.jpg," 6' 1"" 230 lbs."
96,https://height-weight-chart.com/601-240.html, 601-240.jpg," 6' 1"" 240 lbs."
97,https://height-weight-chart.com/601-250.html, 601-250.jpg," 6' 1"" 250 lbs."
98,https://height-weight-chart.com/601-260.html, 601-260.jpg," 6' 1"" 260 lbs."
99,https://height-weight-chart.com/601-270.html, 601-270.jpg," 6' 1"" 270 lbs."
100,https://height-weight-chart.com/601-280.html, 601-280.jpg," 6' 1"" 280 lbs."
101,https://height-weight-chart.com/601-290.html, 601-290.jpg," 6' 1"" 290 lbs."
102,https://height-weight-chart.com/601-300.html, 601-300.jpg," 6' 1"" 300 lbs."
103,https://height-weight-chart.com/601-310.html, 601-310.jpg," 6' 1"" 310 lbs."
104,https://height-weight-chart.com/601-320.html, 601-320.jpg," 6' 1"" 320 lbs."
105,https://height-weight-chart.com/601-380.html, 601-380.jpg," 6' 1"" 380 lbs."
106,https://height-weight-chart.com/600-120.html, 600-120.jpg," 6' 0"" 120 lbs."
107,https://height-weight-chart.com/600-130.html, 600-130.jpg," 6' 0"" 130 lbs."
108,https://height-weight-chart.com/600-140.html, 600-140.jpg," 6' 0"" 140 lbs."
109,https://height-weight-chart.com/600-150.html, 600-150.jpg," 6' 0"" 150 lbs."
110,https://height-weight-chart.com/600-160.html, 600-160.jpg," 6' 0"" 160 lbs."
111,https://height-weight-chart.com/600-170.html, 600-170.jpg," 6' 0"" 170 lbs."
112,https://height-weight-chart.com/600-180.html, 600-180.jpg," 6' 0"" 180 lbs."
113,https://height-weight-chart.com/600-190.html, 600-190.jpg," 6' 0"" 190 lbs."
114,https://height-weight-chart.com/600-200.html, 600-200.jpg," 6' 0"" 200 lbs."
115,https://height-weight-chart.com/600-210.html, 600-210.jpg," 6' 0"" 210 lbs."
116,https://height-weight-chart.com/600-220.html, 600-220.jpg," 6' 0"" 220 lbs."
117,https://height-weight-chart.com/600-230.html, 600-230.jpg," 6' 0"" 230 lbs."
118,https://height-weight-chart.com/600-240.html, 600-240.jpg," 6' 0"" 240 lbs."
119,https://height-weight-chart.com/600-250.html, 600-250.jpg," 6' 0"" 250 lbs."
120,https://height-weight-chart.com/600-260.html, 600-260.jpg," 6' 0"" 260 lbs."
121,https://height-weight-chart.com/600-270.html, 600-270.jpg," 6' 0"" 270 lbs."
122,https://height-weight-chart.com/600-280.html, 600-280.jpg," 6' 0"" 280 lbs."
123,https://height-weight-chart.com/600-290.html, 600-290.jpg," 6' 0"" 290 lbs."
124,https://height-weight-chart.com/600-300.html, 600-300.jpg," 6' 0"" 300 lbs."
125,https://height-weight-chart.com/600-310.html, 600-310.jpg," 6' 0"" 310 lbs."
126,https://height-weight-chart.com/600-320.html, 600-320.jpg," 6' 0"" 320 lbs."
127,https://height-weight-chart.com/600-330.html, 600-330.jpg," 6' 0"" 330 lbs."
128,https://height-weight-chart.com/600-340.html, 600-340.jpg," 6' 0"" 340 lbs."
129,https://height-weight-chart.com/600-350.html, 600-350.jpg," 6' 0"" 350 lbs."
130,https://height-weight-chart.com/600-390.html, 600-390.jpg," 6' 0"" 380 lbs."
131,https://height-weight-chart.com/511-110.html, 511-110.jpg," 5' 11"" 110 lbs."
132,https://height-weight-chart.com/511-120.html, 511-120.jpg," 5' 11"" 120 lbs."
133,https://height-weight-chart.com/511-130.html, 511-130.jpg," 5' 11"" 130 lbs."
134,https://height-weight-chart.com/511-140.html, 511-140.jpg," 5' 11"" 140 lbs."
135,https://height-weight-chart.com/511-150.html, 511-150.jpg," 5' 11"" 150 lbs."
136,https://height-weight-chart.com/511-160.html, 511-160.jpg," 5' 11"" 160 lbs."
137,https://height-weight-chart.com/511-170.html, 511-170.jpg," 5' 11"" 170 lbs."
138,https://height-weight-chart.com/511-180.html, 511-180.jpg," 5' 11"" 180 lbs."
139,https://height-weight-chart.com/511-190.html, 511-190.jpg," 5' 11"" 190 lbs."
140,https://height-weight-chart.com/511-200.html, 511-200.jpg," 5' 11"" 200 lbs."
141,https://height-weight-chart.com/511-210.html, 511-210.jpg," 5' 11"" 210 lbs."
142,https://height-weight-chart.com/511-220.html, 511-220.jpg," 5' 11"" 220 lbs."
143,https://height-weight-chart.com/511-230.html, 511-230.jpg," 5' 11"" 230 lbs."
144,https://height-weight-chart.com/511-240.html, 511-240.jpg," 5' 11"" 240 lbs."
145,https://height-weight-chart.com/511-250.html, 511-250.jpg," 5' 11"" 250 lbs."
146,https://height-weight-chart.com/511-260.html, 511-260.jpg," 5' 11"" 260 lbs."
147,https://height-weight-chart.com/511-270.html, 511-270.jpg," 5' 11"" 270 lbs."
148,https://height-weight-chart.com/511-280.html, 511-280.jpg," 5' 11"" 280 lbs."
149,https://height-weight-chart.com/511-290.html, 511-290.jpg," 5' 11"" 290 lbs."
150,https://height-weight-chart.com/511-300.html, 511-300.jpg," 5' 11"" 300 lbs."
151,https://height-weight-chart.com/511-310.html, 511-310.jpg," 5' 11"" 310 lbs."
152,https://height-weight-chart.com/511-360.html, 511-360.jpg," 5' 11"" 360 lbs."
153,https://height-weight-chart.com/511-370.html, 511-370.jpg," 5' 11"" 370 lbs."
154,https://height-weight-chart.com/510-110.html, 510-110.jpg," 5' 10"" 110 lbs."
155,https://height-weight-chart.com/510-120.html, 510-120.jpg," 5' 10"" 120 lbs."
156,https://height-weight-chart.com/510-130.html, 510-130.jpg," 5' 10"" 130 lbs."
157,https://height-weight-chart.com/510-140.html, 510-140.jpg," 5' 10"" 140 lbs."
158,https://height-weight-chart.com/510-150.html, 510-150.jpg," 5' 10"" 150 lbs."
159,https://height-weight-chart.com/510-160.html, 510-160.jpg," 5' 10"" 160 lbs."
160,https://height-weight-chart.com/510-170.html, 510-170.jpg," 5' 10"" 170 lbs."
161,https://height-weight-chart.com/510-180.html, 510-180.jpg," 5' 10"" 180 lbs."
162,https://height-weight-chart.com/510-190.html, 510-190.jpg," 5' 10"" 190 lbs."
163,https://height-weight-chart.com/510-200.html, 510-200.jpg," 5' 10"" 200 lbs."
164,https://height-weight-chart.com/510-210.html, 510-210.jpg," 5' 10"" 210 lbs."
165,https://height-weight-chart.com/510-220.html, 510-220.jpg," 5' 10"" 220 lbs."
166,https://height-weight-chart.com/510-230.html, 510-230.jpg," 5' 10"" 230 lbs."
167,https://height-weight-chart.com/510-240.html, 510-240.jpg," 5' 10"" 240 lbs."
168,https://height-weight-chart.com/510-250.html, 510-250.jpg," 5' 10"" 250 lbs."
169,https://height-weight-chart.com/510-270.html, 510-270.jpg," 5' 10"" 260 lbs."
170,https://height-weight-chart.com/510-280.html, 510-280.jpg," 5' 10"" 270 lbs."
171,https://height-weight-chart.com/510-300.html, 510-300.jpg," 5' 10"" 290 lbs."
172,https://height-weight-chart.com/509-100.html, 509-100.jpg," 5' 9"" 100 lbs."
173,https://height-weight-chart.com/509-110.html, 509-110.jpg," 5' 9"" 110 lbs."
174,https://height-weight-chart.com/509-120.html, 509-120.jpg," 5' 9"" 120 lbs."
175,https://height-weight-chart.com/509-130.html, 509-130.jpg," 5' 9"" 130 lbs."
176,https://height-weight-chart.com/509-140.html, 509-140.jpg," 5' 9"" 140 lbs."
177,https://height-weight-chart.com/509-150.html, 509-150.jpg," 5' 9"" 150 lbs."
178,https://height-weight-chart.com/509-160.html, 509-160.jpg," 5' 9"" 160 lbs."
179,https://height-weight-chart.com/509-170.html, 509-170.jpg," 5' 9"" 170 lbs."
180,https://height-weight-chart.com/509-180.html, 509-180.jpg," 5' 9"" 180 lbs."
181,https://height-weight-chart.com/509-190.html, 509-190.jpg," 5' 9"" 190 lbs."
182,https://height-weight-chart.com/509-200.html, 509-200.jpg," 5' 9"" 200 lbs."
183,https://height-weight-chart.com/509-210.html, 509-210.jpg," 5' 9"" 210 lbs."
184,https://height-weight-chart.com/509-220.html, 509-220.jpg," 5' 9"" 220 lbs."
185,https://height-weight-chart.com/509-230.html, 509-230.jpg," 5' 9"" 230 lbs."
186,https://height-weight-chart.com/509-240.html, 509-240.jpg," 5' 9"" 240 lbs."
187,https://height-weight-chart.com/509-250.html, 509-250.jpg," 5' 9"" 250 lbs."
188,https://height-weight-chart.com/509-260.html, 509-260.jpg," 5' 9"" 260 lbs."
189,https://height-weight-chart.com/509-270.html, 509-270.jpg," 5' 9"" 270 lbs."
190,https://height-weight-chart.com/509-300.html, 509-300.jpg," 5' 9"" 300 lbs."
191,https://height-weight-chart.com/509-310.html, 509-310.jpg," 5' 9"" 310 lbs."
192,https://height-weight-chart.com/509-320.html, 509-320.jpg," 5' 9"" 320 lbs."
193,https://height-weight-chart.com/508-100.html, 508-100.jpg," 5' 8"" 100 lbs."
194,https://height-weight-chart.com/508-110.html, 508-110.jpg," 5' 8"" 110 lbs."
195,https://height-weight-chart.com/508-120.html, 508-120.jpg," 5' 8"" 120 lbs."
196,https://height-weight-chart.com/508-130.html, 508-130.jpg," 5' 8"" 130 lbs."
197,https://height-weight-chart.com/508-140.html, 508-140.jpg," 5' 8"" 140 lbs."
198,https://height-weight-chart.com/508-150.html, 508-150.jpg," 5' 8"" 150 lbs."
199,https://height-weight-chart.com/508-160.html, 508-160.jpg," 5' 8"" 160 lbs."
200,https://height-weight-chart.com/508-170.html, 508-170.jpg," 5' 8"" 170 lbs."
201,https://height-weight-chart.com/508-180.html, 508-180.jpg," 5' 8"" 180 lbs."
202,https://height-weight-chart.com/508-190.html, 508-190.jpg," 5' 8"" 190 lbs."
203,https://height-weight-chart.com/508-200.html, 508-200.jpg," 5' 8"" 200 lbs."
204,https://height-weight-chart.com/508-210.html, 508-210.jpg," 5' 8"" 210 lbs."
205,https://height-weight-chart.com/508-220.html, 508-220.jpg," 5' 8"" 220 lbs."
206,https://height-weight-chart.com/508-230.html, 508-230.jpg," 5' 8"" 230 lbs."
207,https://height-weight-chart.com/508-240.html, 508-240.jpg," 5' 8"" 240 lbs."
208,https://height-weight-chart.com/508-250.html, 508-250.jpg," 5' 8"" 250 lbs."
209,https://height-weight-chart.com/508-260.html, 508-260.jpg," 5' 8"" 260 lbs."
210,https://height-weight-chart.com/508-270.html, 508-270.jpg," 5' 8"" 270 lbs."
211,https://height-weight-chart.com/508-280.html, 508-280.jpg," 5' 8"" 280 lbs."
212,https://height-weight-chart.com/508-290.html, 508-290.jpg," 5' 8"" 290 lbs."
213,https://height-weight-chart.com/508-300.html, 508-300.jpg," 5' 8"" 300 lbs."
214,https://height-weight-chart.com/508-330.html, 508-330.jpg," 5' 8"" 330 lbs."
215,https://height-weight-chart.com/508-350.html, 508-350.jpg," 5' 8"" 350 lbs."
216,https://height-weight-chart.com/508-390.html, 508-390.jpg," 5' 8"" 390 lbs."
217,https://height-weight-chart.com/507-090.html, 507-90.jpg," 5' 7"" 90 lbs."
218,https://height-weight-chart.com/507-100.html, 507-100.jpg," 5' 7"" 100 lbs."
219,https://height-weight-chart.com/507-110.html, 507-110.jpg," 5' 7"" 110 lbs."
220,https://height-weight-chart.com/507-120.html, 507-120.jpg," 5' 7"" 120 lbs."
221,https://height-weight-chart.com/507-130.html, 507-130.jpg," 5' 7"" 130 lbs."
222,https://height-weight-chart.com/507-140.html, 507-140.jpg," 5' 7"" 140 lbs."
223,https://height-weight-chart.com/507-150.html, 507-150.jpg," 5' 7"" 150 lbs."
224,https://height-weight-chart.com/507-160.html, 507-160.jpg," 5' 7"" 160 lbs."
225,https://height-weight-chart.com/507-170.html, 507-170.jpg," 5' 7"" 170 lbs."
226,https://height-weight-chart.com/507-180.html, 507-180.jpg," 5' 7"" 180 lbs."
227,https://height-weight-chart.com/507-190.html, 507-190.jpg," 5' 7"" 190 lbs."
228,https://height-weight-chart.com/507-200.html, 507-200.jpg," 5' 7"" 200 lbs."
229,https://height-weight-chart.com/507-210.html, 507-210.jpg," 5' 7"" 210 lbs."
230,https://height-weight-chart.com/507-220.html, 507-220.jpg," 5' 7"" 220 lbs."
231,https://height-weight-chart.com/507-230.html, 507-230.jpg," 5' 7"" 230 lbs."
232,https://height-weight-chart.com/507-240.html, 507-240.jpg," 5' 7"" 240 lbs."
233,https://height-weight-chart.com/507-250.html, 507-250.jpg," 5' 7"" 250 lbs."
234,https://height-weight-chart.com/507-260.html, 507-260.jpg," 5' 7"" 260 lbs."
235,https://height-weight-chart.com/507-270.html, 507-270.jpg," 5' 7"" 270 lbs."
236,https://height-weight-chart.com/507-280.html, 507-280.jpg," 5' 7"" 280 lbs."
237,https://height-weight-chart.com/507-310.html, 507-310.jpg," 5' 7"" 310 lbs."
238,https://height-weight-chart.com/507-320.html, 507-320.jpg," 5' 7"" 320 lbs."
239,https://height-weight-chart.com/507-370.html, 507-370.jpg," 5' 7"" 370 lbs."
240,https://height-weight-chart.com/507-380.html, 507-380.jpg," 5' 7"" 380 lbs."
241,https://height-weight-chart.com/506-090.html, 506-90.jpg," 5' 6"" 90 lbs."
242,https://height-weight-chart.com/506-100.html, 506-100.jpg," 5' 6"" 100 lbs."
243,https://height-weight-chart.com/506-110.html, 506-110.jpg," 5' 6"" 110 lbs."
244,https://height-weight-chart.com/506-120.html, 506-120.jpg," 5' 6"" 120 lbs."
245,https://height-weight-chart.com/506-130.html, 506-130.jpg," 5' 6"" 130 lbs."
246,https://height-weight-chart.com/506-140.html, 506-140.jpg," 5' 6"" 140 lbs."
247,https://height-weight-chart.com/506-150.html, 506-150.jpg," 5' 6"" 150 lbs."
248,https://height-weight-chart.com/506-160.html, 506-160.jpg," 5' 6"" 160 lbs."
249,https://height-weight-chart.com/506-170.html, 506-170.jpg," 5' 6"" 170 lbs."
250,https://height-weight-chart.com/506-180.html, 506-180.jpg," 5' 6"" 180 lbs."
251,https://height-weight-chart.com/506-190.html, 506-190.jpg," 5' 6"" 190 lbs."
252,https://height-weight-chart.com/506-200.html, 506-200.jpg," 5' 6"" 200 lbs."
253,https://height-weight-chart.com/506-210.html, 506-210.jpg," 5' 6"" 210 lbs."
254,https://height-weight-chart.com/506-220.html, 506-220.jpg," 5' 6"" 220 lbs."
255,https://height-weight-chart.com/506-230.html, 506-230.jpg," 5' 6"" 230 lbs."
256,https://height-weight-chart.com/506-240.html, 506-240.jpg," 5' 6"" 240 lbs."
257,https://height-weight-chart.com/506-250.html, 506-250.jpg," 5' 6"" 250 lbs."
258,https://height-weight-chart.com/506-260.html, 506-260.jpg," 5' 6"" 260 lbs."
259,https://height-weight-chart.com/506-270.html, 506-270.jpg," 5' 6"" 270 lbs."
260,https://height-weight-chart.com/506-280.html, 506-280.jpg," 5' 6"" 280 lbs."
261,https://height-weight-chart.com/506-300.html, 506-300.jpg," 5' 6"" 300 lbs."
262,https://height-weight-chart.com/506-330.html, 506-330.jpg," 5' 6"" 330 lbs."
263,https://height-weight-chart.com/505-090.html, 505-90.jpg," 5' 5"" 90 lbs."
264,https://height-weight-chart.com/505-100.html, 505-100.jpg," 5' 5"" 100 lbs."
265,https://height-weight-chart.com/505-110.html, 505-110.jpg," 5' 5"" 110 lbs."
266,https://height-weight-chart.com/505-120.html, 505-120.jpg," 5' 5"" 120 lbs."
267,https://height-weight-chart.com/505-130.html, 505-130.jpg," 5' 5"" 130 lbs."
268,https://height-weight-chart.com/505-140.html, 505-140.jpg," 5' 5"" 140 lbs."
269,https://height-weight-chart.com/505-150.html, 505-150.jpg," 5' 5"" 150 lbs."
270,https://height-weight-chart.com/505-160.html, 505-160.jpg," 5' 5"" 160 lbs."
271,https://height-weight-chart.com/505-170.html, 505-170.jpg," 5' 5"" 170 lbs."
272,https://height-weight-chart.com/505-180.html, 505-180.jpg," 5' 5"" 180 lbs."
273,https://height-weight-chart.com/505-190.html, 505-190.jpg," 5' 5"" 190 lbs."
274,https://height-weight-chart.com/505-200.html, 505-200.jpg," 5' 5"" 200 lbs."
275,https://height-weight-chart.com/505-210.html, 505-210.jpg," 5' 5"" 210 lbs."
276,https://height-weight-chart.com/505-220.html, 505-220.jpg," 5' 5"" 220 lbs."
277,https://height-weight-chart.com/505-230.html, 505-230.jpg," 5' 5"" 230 lbs."
278,https://height-weight-chart.com/505-240.html, 505-240.jpg," 5' 5"" 240 lbs."
279,https://height-weight-chart.com/505-250.html, 505-250.jpg," 5' 5"" 250 lbs."
280,https://height-weight-chart.com/505-260.html, 505-260.jpg," 5' 5"" 260 lbs."
281,https://height-weight-chart.com/505-270.html, 505-270.jpg," 5' 5"" 270 lbs."
282,https://height-weight-chart.com/505-300.html, 505-300.jpg," 5' 5"" 300 lbs."
283,https://height-weight-chart.com/504-090.html, 504-90.jpg," 5' 4"" 90 lbs."
284,https://height-weight-chart.com/504-100.html, 504-100.jpg," 5' 4"" 100 lbs."
285,https://height-weight-chart.com/504-110.html, 504-110.jpg," 5' 4"" 110 lbs."
286,https://height-weight-chart.com/504-120.html, 504-120.jpg," 5' 4"" 120 lbs."
287,https://height-weight-chart.com/504-130.html, 504-130.jpg," 5' 4"" 130 lbs."
288,https://height-weight-chart.com/504-140.html, 504-140.jpg," 5' 4"" 140 lbs."
289,https://height-weight-chart.com/504-150.html, 504-150.jpg," 5' 4"" 150 lbs."
290,https://height-weight-chart.com/504-160.html, 504-160.jpg," 5' 4"" 160 lbs."
291,https://height-weight-chart.com/504-170.html, 504-170.jpg," 5' 4"" 170 lbs."
292,https://height-weight-chart.com/504-180.html, 504-180.jpg," 5' 4"" 180 lbs."
293,https://height-weight-chart.com/504-190.html, 504-190.jpg," 5' 4"" 190 lbs."
294,https://height-weight-chart.com/504-200.html, 504-200.jpg," 5' 4"" 200 lbs."
295,https://height-weight-chart.com/504-210.html, 504-210.jpg," 5' 4"" 210 lbs."
296,https://height-weight-chart.com/504-230.html, 504-230.jpg," 5' 4"" 230 lbs."
297,https://height-weight-chart.com/504-240.html, 504-240.jpg," 5' 4"" 240 lbs."
298,https://height-weight-chart.com/504-250.html, 504-250.jpg," 5' 4"" 250 lbs."
299,https://height-weight-chart.com/504-260.html, 504-260.jpg," 5' 4"" 260 lbs."
300,https://height-weight-chart.com/504-320.html, 504-320.jpg," 5' 4"" 320 lbs."
301,https://height-weight-chart.com/503-090.html, 503-090.jpg," 5' 3"" 90 lbs."
302,https://height-weight-chart.com/503-100.html, 503-100.jpg," 5' 3"" 100 lbs."
303,https://height-weight-chart.com/503-110.html, 503-110.jpg," 5' 3"" 110 lbs."
304,https://height-weight-chart.com/503-120.html, 503-120.jpg," 5' 3"" 120 lbs."
305,https://height-weight-chart.com/503-130.html, 503-130.jpg," 5' 3"" 130 lbs."
306,https://height-weight-chart.com/503-140.html, 503-140.jpg," 5' 3"" 140 lbs."
307,https://height-weight-chart.com/503-150.html, 503-150.jpg," 5' 3"" 150 lbs."
308,https://height-weight-chart.com/503-160.html, 503-160.jpg," 5' 3"" 160 lbs."
309,https://height-weight-chart.com/503-170.html, 503-170.jpg," 5' 3"" 170 lbs."
310,https://height-weight-chart.com/503-180.html, 503-180.jpg," 5' 3"" 180 lbs."
311,https://height-weight-chart.com/503-190.html, 503-190.jpg," 5' 3"" 190 lbs."
312,https://height-weight-chart.com/503-200.html, 503-200.jpg," 5' 3"" 200 lbs."
313,https://height-weight-chart.com/503-210.html, 503-210.jpg," 5' 3"" 210 lbs."
314,https://height-weight-chart.com/503-220.html, 503-220.jpg," 5' 3"" 220 lbs."
315,https://height-weight-chart.com/503-230.html, 503-230.jpg," 5' 3"" 230 lbs."
316,https://height-weight-chart.com/503-240.html, 503-240.jpg," 5' 3"" 240 lbs."
317,https://height-weight-chart.com/503-250.html, 503-250.jpg," 5' 3"" 250 lbs."
318,https://height-weight-chart.com/503-270.html, 503-270.jpg," 5' 3"" 270 lbs."
319,https://height-weight-chart.com/503-300.html, 503-300.jpg," 5' 3"" 300 lbs."
320,https://height-weight-chart.com/503-370.html, 503-370.jpg," 5' 3"" 370 lbs."
321,https://height-weight-chart.com/502-090.html, 502-90.jpg," 5' 2"" 90 lbs."
322,https://height-weight-chart.com/502-100.html, 502-100.jpg," 5' 2"" 100 lbs."
323,https://height-weight-chart.com/502-110.html, 502-110.jpg," 5' 2"" 110 lbs."
324,https://height-weight-chart.com/502-120.html, 502-120.jpg," 5' 2"" 120 lbs."
325,https://height-weight-chart.com/502-130.html, 502-130.jpg," 5' 2"" 130 lbs."
326,https://height-weight-chart.com/502-140.html, 502-140.jpg," 5' 2"" 140 lbs."
327,https://height-weight-chart.com/502-150.html, 502-150.jpg," 5' 2"" 150 lbs."
328,https://height-weight-chart.com/502-160.html, 502-160.jpg," 5' 2"" 160 lbs."
329,https://height-weight-chart.com/502-170.html, 502-170.jpg," 5' 2"" 170 lbs."
330,https://height-weight-chart.com/502-180.html, 502-180.jpg," 5' 2"" 180 lbs."
331,https://height-weight-chart.com/502-190.html, 502-190.jpg," 5' 2"" 190 lbs."
332,https://height-weight-chart.com/502-200.html, 502-200.jpg," 5' 2"" 200 lbs."
333,https://height-weight-chart.com/502-210.html, 502-210.jpg," 5' 2"" 210 lbs."
334,https://height-weight-chart.com/502-220.html, 502-220.jpg," 5' 2"" 220 lbs."
335,https://height-weight-chart.com/502-230.html, 502-230.jpg," 5' 2"" 230 lbs."
336,https://height-weight-chart.com/502-250.html, 502-250.jpg," 5' 2"" 250 lbs."
337,https://height-weight-chart.com/502-290.html, 502-290.jpg," 5' 2"" 290 lbs."
338,https://height-weight-chart.com/502-330.html, 502-330.jpg," 5' 2"" 330 lbs."
339,https://height-weight-chart.com/501-090.html, 501-90.jpg," 5' 1"" 90 lbs."
340,https://height-weight-chart.com/501-100.html, 501-100.jpg," 5' 1"" 100 lbs."
341,https://height-weight-chart.com/501-110.html, 501-110.jpg," 5' 1"" 110 lbs."
342,https://height-weight-chart.com/501-120.html, 501-120.jpg," 5' 1"" 120 lbs."
343,https://height-weight-chart.com/501-130.html, 501-130.jpg," 5' 1"" 130 lbs."
344,https://height-weight-chart.com/501-140.html, 501-140.jpg," 5' 1"" 140 lbs."
345,https://height-weight-chart.com/501-150.html, 501-150.jpg," 5' 1"" 150 lbs."
346,https://height-weight-chart.com/501-160.html, 501-160.jpg," 5' 1"" 160 lbs."
347,https://height-weight-chart.com/501-170.html, 501-170.jpg," 5' 1"" 170 lbs."
348,https://height-weight-chart.com/501-180.html, 501-180.jpg," 5' 1"" 180 lbs."
349,https://height-weight-chart.com/501-190.html, 501-190.jpg," 5' 1"" 190 lbs."
350,https://height-weight-chart.com/501-210.html, 501-210.jpg," 5' 1"" 210 lbs."
351,https://height-weight-chart.com/501-220.html, 501-220.jpg," 5' 1"" 220 lbs."
352,https://height-weight-chart.com/501-230.html, 501-230.jpg," 5' 1"" 230 lbs."
353,https://height-weight-chart.com/500-090.html, 500-90.jpg," 5' 0"" 90 lbs."
354,https://height-weight-chart.com/500-100.html, 500-100.jpg," 5' 0"" 100 lbs."
355,https://height-weight-chart.com/500-110.html, 500-110.jpg," 5' 0"" 110 lbs."
356,https://height-weight-chart.com/500-120.html, 500-120.jpg," 5' 0"" 120 lbs."
357,https://height-weight-chart.com/500-130.html, 500-130.jpg," 5' 0"" 130 lbs."
358,https://height-weight-chart.com/500-140.html, 500-140.jpg," 5' 0"" 140 lbs."
359,https://height-weight-chart.com/500-150.html, 500-150.jpg," 5' 0"" 150 lbs."
360,https://height-weight-chart.com/500-160.html, 500-160.jpg," 5' 0"" 160 lbs."
361,https://height-weight-chart.com/500-170.html, 500-170.jpg," 5' 0"" 170 lbs."
362,https://height-weight-chart.com/500-180.html, 500-180.jpg," 5' 0"" 180 lbs."
363,https://height-weight-chart.com/500-210.html, 500-210.jpg," 5' 0"" 210 lbs."
364,https://height-weight-chart.com/500-220.html, 500-220.jpg," 5' 0"" 220 lbs."
365,https://height-weight-chart.com/500-230.html, 500-230.jpg," 5' 0"" 230 lbs."
366,https://height-weight-chart.com/500-240.html, 500-240.jpg," 5' 0"" 240 lbs."
367,https://height-weight-chart.com/411-090.html, 411-090.jpg," 4' 11"" 90 lbs."
368,https://height-weight-chart.com/411-100.html, 411-100.jpg," 4' 11"" 100 lbs."
369,https://height-weight-chart.com/411-110.html, 411-110.jpg," 4' 11"" 110 lbs."
370,https://height-weight-chart.com/411-120.html, 411-120.jpg," 4' 11"" 120 lbs."
371,https://height-weight-chart.com/411-130.html, 411-130.jpg," 4' 11"" 130 lbs."
372,https://height-weight-chart.com/411-150.html, 411-150.jpg," 4' 11"" 150 lbs."
373,https://height-weight-chart.com/411-170.html, 411-170.jpg," 4' 11"" 170 lbs."
374,https://height-weight-chart.com/411-190.html, 411-190.jpg," 4' 11"" 190 lbs."
375,https://height-weight-chart.com/411-210.html, 411-210.jpg," 4' 11"" 210 lbs."
376,https://height-weight-chart.com/411-230.html, 411-230.jpg," 4' 11"" 230 lbs."
377,https://height-weight-chart.com/410-090.html, 410-090.jpg," 4' 10"" 90 lbs."
378,https://height-weight-chart.com/410-100.html, 410-100.jpg," 4' 10"" 100 lbs."
379,https://height-weight-chart.com/410-110.html, 410-110.jpg," 4' 10"" 110 lbs."
380,https://height-weight-chart.com/410-120.html, 410-120.jpg," 4' 10"" 120 lbs."
381,https://height-weight-chart.com/410-160.html, 410-160.jpg," 4' 10"" 160 lbs."
382,https://height-weight-chart.com/410-170.html, 410-170.jpg," 4' 10"" 170 lbs."
383,https://height-weight-chart.com/410-190.html, 410-190.jpg," 4' 10"" 190 lbs."
